The Shadow of the Wind (The Cemetery of Forgotten Books,  #1)
I am Charlotte Simmons
How to Win Friends and Influence People
The Drama of the Gifted Child: The Search for the True Self
The Millionaire Next Door: The Surprising Secrets of Americas Wealthy
The Da Vinci Code (Robert Langdon, #2)
Who Moved My Cheese?
Memoirs of a Geisha
Heart of Darkness
Blue Ocean Strategy: How To Create Uncontested Market Space And Make The Competition Irrelevant
Harry Potter Collection (Harry Potter, #1-6)
The House of God
Ender's Game (Ender's Saga, #1)
The Sun Also Rises
Hatchet (Brian's Saga, #1)
Harry Potter and the Prisoner of Azkaban (Harry Potter, #3)
Harry Potter and the Half-Blood Prince (Harry Potter, #6)
Harry Potter and the Order of the Phoenix (Harry Potter, #5)
Harry Potter and the Sorcerer's Stone (Harry Potter, #1)
Harry Potter and the Chamber of Secrets (Harry Potter, #2)
Harry Potter and the Goblet of Fire (Harry Potter, #4)
J.R.R. Tolkien 4-Book Boxed Set: The Hobbit and The Lord of the Rings
The Count of Monte Cristo
Atlas Shrugged
The Alchemist
The Fountainhead
The Ultimate Hitchhiker's Guide to the Galaxy
Jurassic Park (Jurassic Park, #1)
The Adventures of Huckleberry Finn
The Lost World (Jurassic Park, #2)
Congo
The Memory Keeper's Daughter
The Great Gatsby
The Three Musketeers
The Catcher in the Rye
Welcome to the Monkey House
Slaughterhouse-Five
Cat's Cradle
Life of Pi
Catch-22
A Prayer for Owen Meany
The World According to Garp
Holy Cow: An Indian Adventure
Utopia
The Communist Manifesto
The Prince
The Metamorphosis and Other Stories
Amerika
The Trial
Franz Kafka's The Castle (Dramatization)
The Complete Tales and Poems
Moby-Dick or, The Whale
Animal Farm
Down and Out in Paris and London
Brave New World
The Republic
The Hunchback of Notre-Dame
Out of the Silent Planet (Space Trilogy, #1)
Mere Christianity
The Screwtape Letters
Meditations
Gulliver's Travels
Darkness at Noon
The Shell Seekers
Deception Point
The Giver (The Giver, #1)
Where the Wild Things Are
The Bourne Identity (Jason Bourne, #1)
And Then There Were None
1984
Prey
Sphere
Timeline
Never Let Me Go
The Sea
Housekeeping
Gilead (Gilead, #1)
The History of Love
The Book Thief
Balzac and the Little Chinese Seamstress
State of Fear
Where the Sidewalk Ends
Night (The Night Trilogy #1)
A Time to Kill
The Firm (Penguin Readers, Level 5)
Of Mice and Men
Lord of the Flies
Little Women (Little Women, #1)
Extremely Loud and Incredibly Close
Charlie and the Chocolate Factory (Charlie Bucket, #1)
The BFG
Matilda
A Heartbreaking Work of Staggering Genius
Fear and Loathing in Las Vegas
Speaker for the Dead (Ender's Saga, #2)
The Chronicles of Narnia (Chronicles of Narnia, #1-7)
The Hunt for Red October (Jack Ryan Universe, #4)
The Kite Runner
Bridge to Terabithia
The Testament
The Rainmaker
The Awakening
A Confederacy of Dunces
Perfume: The Story of a Murderer
The Corrections
Me Talk Pretty One Day
Naked
Dress Your Family in Corduroy and Denim
Holidays on Ice
Barrel Fever: Stories and Essays
Wicked: The Life and Times of the Wicked Witch of the West (The Wicked Years, #1)
Atonement
Song of Solomon
I Know Why the Caged Bird Sings
Angels & Demons  (Robert Langdon, #1)
The Glass Castle
The Curious Incident of the Dog in the Night-Time
The Secret History
Running with Scissors
High Fidelity
About a Boy
How to Be Good
Motherless Brooklyn
The Mysteries of Pittsburgh
Midnight's Children
In Cold Blood
The Handmaid's Tale
Blubber
Summer Sisters
The Broker
The Innocent Man: Murder and Injustice in a Small Town
The Street Lawyer
The Partner
The Last Juror
The Firm
The King of Torts
The Client
The Metamorphosis
Everything Is Illuminated
Breakfast at Tiffany's
Bel Canto
The Pilot's Wife
Pride and Prejudice
Sense and Sensibility
Emma
One Hundred Years of Solitude
Portnoy's Complaint
Cloud Atlas
Guns, Germs, and Steel: The Fates of Human Societies
The Amazing Adventures of Kavalier & Clay
A Man in Full
Kitchen Confidential: Adventures in the Culinary Underbelly
The Plot Against America
Love in the Time of Cholera
The Human Stain (The American Trilogy, #3)
American Pastoral (The American Trilogy, #1)
Memories of My Melancholy Whores
Innocent Erendira and Other Stories
The Autumn of the Patriarch
Middlesex
Crime and Punishment
To Kill a Mockingbird
The Power of Myth
Persuasion
Mansfield Park
Franny and Zooey
Raise High the Roof Beam, Carpenters & Seymour: An Introduction
Nine Stories
American Gods (American Gods, #1)
Oliver Twist
White Oleander
I Know This Much Is True
The Poisonwood Bible
She's Come Undone
Freakonomics: A Rogue Economist Explores the Hidden Side of Everything (Freakonomics, #1)
As I Lay Dying
Good in Bed (Cannie Shapiro, #1)
In Her Shoes
The Dead
Frankenstein
Howl and Other Poems
Sons and Lovers
Number the Stars
Anne Frank: Beyond the Diary - A Photographic Remembrance
Girl with a Pearl Earring
The Perks of Being a Wallflower
Prodigal Summer
The Hours
The Vampire Armand (The Vampire Chronicles, #6)
The Witching Hour (Lives of the Mayfair Witches, #1)
Lasher (Lives of the Mayfair Witches, #2)
The Feast of All Saints
Belinda
Under the Banner of Heaven: A Story of Violent Faith
Merrick (The Vampire Chronicles #7)
The Omnivore's Dilemma: A Natural History of Four Meals
The Realm of Possibility
Oryx and Crake (MaddAddam, #1)
Black Swan Green
The Virgin Suicides
Dry
The Children of Men
I Like You: Hospitality Under the Influence
Andy Goldsworthy: A Collaboration with Nature
Bleachers
Fahrenheit 451
The Picture of Dorian Gray
The Crucible
Black Beauty
Cry, the Beloved Country
The Summons
The Prophet
Sophie's Choice
The Complete Maus (Maus, #1-2)
A Child Called "It" (Dave Pelzer #1)
A Farewell to Arms
The Grapes of Wrath
Alas, Babylon
Interpreter of Maladies
A Man Without a Country
Jennifer Government
Disgrace
The Little Friend
Breakfast of Champions
Slapstick, or Lonesome No More!
Bluebeard
Carry on, Jeeves (Jeeves, #3)
Homicidal Psycho Jungle Cat: A Calvin and Hobbes Collection
On the Road
Paris to the Moon
The Namesake
The Unbearable Lightness of Being
Animal Dreams
The Bean Trees (Greer Family, #1)
Pigs in Heaven
A Moveable Feast
This Side of Paradise
Tales of a Female Nomad: Living at Large in the World
The Iliad/The Odyssey
